actor,classify,count,director,image,image_url,inq,last_updated,play,score,title1,title2,title3
蒂姆·罗宾斯TimRobbins/...,1994/美国/犯罪剧情,1169408人评价,弗兰克·德拉邦特FrankDarabont,,https://img3.doubanio.com/view/photo/s_ratio_poster/public/p480747492.jpg,希望让人自由。,,[可播放],9.6,肖申克的救赎,TheShawshankRedemption,/月黑高飞(港)/刺激1995(台)
张国荣LeslieCheung/张丰毅FengyiZha...,1993/中国大陆香港/剧情爱情同性,855576人评价,陈凯歌KaigeChen,,https://img3.doubanio.com/view/photo/s_ratio_poster/public/p1910813120.jpg,风华绝代。,,[可播放],9.6,霸王别姬,None,/再见，我的妾/FarewellMyConcubine
让·雷诺JeanReno/娜塔莉·波特曼...,1994/法国/剧情动作犯罪,1078677人评价,吕克·贝松LucBesson,,https://img3.doubanio.com/view/photo/s_ratio_poster/public/p511118051.jpg,怪蜀黍和小萝莉不得不说的故事。,,[可播放],9.4,这个杀手不太冷,Léon,/杀手莱昂/终极追杀令(台)
TomHanks/RobinWrightPenn/GarySinise,1994/美国/剧情爱情,922502人评价,RobertZemeckis,,https://img1.doubanio.com/view/photo/s_ratio_poster/public/p510876377.jpg,一部美国近现代史。,,[可播放],9.4,阿甘正传,ForrestGump,/福雷斯特·冈普
罗伯托·贝尼尼RobertoBeni...,1997/意大利/剧情喜剧爱情战争,538564人评价,罗伯托·贝尼尼RobertoBenigni,,https://img3.doubanio.com/view/photo/s_ratio_poster/public/p510861873.jpg,最美的谎言。,,[可播放],9.5,美丽人生,Lavitaèbella,/一个快乐的传说(港)/LifeIsBeautiful
莱昂纳多·迪卡普里奥Leonardo...,1997/美国/剧情爱情灾难,858469人评价,詹姆斯·卡梅隆JamesCameron,,https://img3.doubanio.com/view/photo/s_ratio_poster/public/p457760035.jpg,失去的才是永恒的。 ,,[可播放],9.3,泰坦尼克号,Titanic,/铁达尼号(港/台)
柊瑠美RumiHîragi/入野自由Miy...,2001/日本/剧情动画奇幻,854227人评价,宫崎骏HayaoMiyazaki,,https://img3.doubanio.com/view/photo/s_ratio_poster/public/p1606727862.jpg,最好的宫崎骏，最好的久石让。 ,,,9.3,千与千寻,千と千尋の神隠し,/神隐少女(台)/SpiritedAway
连姆·尼森LiamNeeson...,1993/美国/剧情历史战争,485337人评价,史蒂文·斯皮尔伯格StevenSpielberg,,https://img3.doubanio.com/view/photo/s_ratio_poster/public/p492406163.jpg,拯救一个人，就是拯救整个世界。,,[可播放],9.5,辛德勒的名单,Schindler'sList,/舒特拉的名单(港)/辛德勒名单
莱昂纳多·迪卡普里奥Le...,2010/美国英国/剧情科幻悬疑冒险,942472人评价,克里斯托弗·诺兰ChristopherNolan,,https://img3.doubanio.com/view/photo/s_ratio_poster/public/p513344864.jpg,诺兰给了我们一场无法盗取的梦。,,[可播放],9.3,盗梦空间,Inception,/潜行凶间(港)/全面启动(台)
本·贝尔特BenBurtt/艾丽...,2008/美国/爱情科幻动画冒险,623888人评价,安德鲁·斯坦顿AndrewStanton,,https://img3.doubanio.com/view/photo/s_ratio_poster/public/p1461851991.jpg,小瓦力，大人生。,,[可播放],9.3,机器人总动员,WALL·E,/瓦力(台)/太空奇兵·威E(港)
理查·基尔RichardGer...,2009/美国英国/剧情,605879人评价,莱塞·霍尔斯道姆LasseHallström,,https://img3.doubanio.com/view/photo/s_ratio_poster/public/p524964016.jpg,永远都不能忘记你所爱的人。,,[可播放],9.3,忠犬八公的故事,Hachi:ADog'sTale,/忠犬小八(台)/秋田犬八千(港)
阿米尔·汗AamirKhan/卡...,2009/印度/剧情喜剧爱情歌舞,844825人评价,拉库马·希拉尼RajkumarHirani,,https://img3.doubanio.com/view/photo/s_ratio_poster/public/p579729551.jpg,英俊版憨豆，高情商版谢耳朵。,,,9.2,三傻大闹宝莱坞,3Idiots,/三个傻瓜(台)/作死不离3兄弟(港)
蒂姆·罗斯TimRoth/...,1998/意大利/剧情音乐,708027人评价,朱塞佩·托纳多雷GiuseppeTornatore,,https://img1.doubanio.com/view/photo/s_ratio_poster/public/p511146807.jpg,每个人都要走一条自己坚定了的路，就算是粉身碎骨。 ,,,9.2,海上钢琴师,Laleggendadelpianistasull'oceano,/声光伴我飞(港)/一九零零的传奇
杰拉尔·朱诺Géra...,2004/法国瑞士德国/剧情音乐,578343人评价,克里斯托夫·巴拉蒂ChristopheBarratier,,https://img3.doubanio.com/view/photo/s_ratio_poster/public/p1910824951.jpg,天籁一般的童声，是最接近上帝的存在。 ,,[可播放],9.2,放牛班的春天,Leschoristes,/歌声伴我心(港)/唱诗班男孩
周星驰StephenChow/吴孟达ManTatNg...,1995/香港中国大陆/喜剧爱情奇幻冒险,636478人评价,刘镇伟JeffreyLau,,https://img3.doubanio.com/view/photo/s_ratio_poster/public/p2455050536.jpg,一生所爱。,,[可播放],9.2,大话西游之大圣娶亲,西遊記大結局之仙履奇緣,/西游记完结篇仙履奇缘/齐天大圣西游记
金·凯瑞JimCarrey/劳拉·琳妮Lau...,1998/美国/剧情科幻,614598人评价,彼得·威尔PeterWeir,,https://img3.doubanio.com/view/photo/s_ratio_poster/public/p479682972.jpg,如果再也不能见到你，祝你早安，午安，晚安。,,[可播放],9.2,楚门的世界,TheTrumanShow,/真人Show(港)/真人戏
马龙·白兰度M...,1972/美国/剧情犯罪,427873人评价,弗朗西斯·福特·科波拉FrancisFordCoppola,,https://img3.doubanio.com/view/photo/s_ratio_poster/public/p2190556185.jpg,千万不要记恨你的对手，这样会让你失去理智。,,[可播放],9.2,教父,TheGodfather,/MarioPuzo'sTheGodfather
日高法子NorikoHidaka/坂本千夏Ch...,1988/日本/动画奇幻冒险,524131人评价,宫崎骏HayaoMiyazaki,,https://img1.doubanio.com/view/photo/s_ratio_poster/public/p537668599.jpg,人人心中都有个龙猫，童年就永远不会消失。,,,9.1,龙猫,となりのトトロ,/邻居托托罗/邻家的豆豆龙
马修·麦康纳MatthewMc...,2014/美国英国加拿大冰岛/剧情科幻冒险,633131人评价,克里斯托弗·诺兰ChristopherNolan,,https://img3.doubanio.com/view/photo/s_ratio_poster/public/p2206088801.jpg,爱是一种力量，让我们超越时空感知它的存在。,,[可播放],9.2,星际穿越,Interstellar,/星际启示录(港)/星际效应(台)
孔侑YooGong/郑有美Yu-miJeong...,2011/韩国/剧情,355572人评价,黄东赫Dong-hyukHwang,,https://img3.doubanio.com/view/photo/s_ratio_poster/public/p1363250216.jpg,我们一路奋战不是为了改变世界，而是为了不让世界改变我们。,,,9.2,熔炉,도가니,/无声呐喊(港)/漩涡
刘德华/梁朝伟/黄秋生,2002/香港/剧情犯罪悬疑,520530人评价,刘伟强/麦兆辉,,https://img3.doubanio.com/view/photo/s_ratio_poster/public/p2233971046.jpg,香港电影史上永不过时的杰作。,,[可播放],9.1,无间道,無間道,/InfernalAffairs/Mougaandou
,,455686人评价,,,https://img3.doubanio.com/view/photo/s_ratio_poster/public/p1454261925.jpg,满满温情的高雅喜剧。,,,9.2,触不可及,Intouchables,/闪亮人生(港)/逆转人生(台)
威尔·史密斯WillSmith...,2006/美国/剧情传记家庭,678842人评价,加布里尔·穆奇诺GabrieleMuccino,,https://img3.doubanio.com/view/photo/s_ratio_poster/public/p1312700744.jpg,平民励志片。 ,,[可播放],9.0,当幸福来敲门,ThePursuitofHappyness,/寻找快乐的故事(港)/追求快乐
费...,1939/美国/剧情历史爱情战争,326541人评价,维克多·弗莱明VictorFleming/乔治·库克GeorgeCukor,,https://img3.doubanio.com/view/photo/s_ratio_poster/public/p1963126880.jpg,Tomorrow is another day.,,[可播放],9.2,乱世佳人,GonewiththeWind,/飘
玛德琳·卡罗尔MadelineCarroll/卡...,2010/美国/剧情喜剧爱情,728955人评价,罗伯·莱纳RobReiner,,https://img3.doubanio.com/view/photo/s_ratio_poster/public/p663036666.jpg,真正的幸福是来自内心深处。,,[可播放],9.0,怦然心动,Flipped,/萌动青春/青春萌动
金妮弗·...,2016/美国/喜剧动画冒险,688067人评价,拜伦·霍华德ByronHoward/瑞奇·摩尔RichMoore,,https://img1.doubanio.com/view/photo/s_ratio_poster/public/p2315672647.jpg,迪士尼给我们营造的乌托邦就是这样，永远善良勇敢，永远出乎意料。,,[可播放],9.1,疯狂动物城,Zootopia,/优兽大都会(港)/动物方城市(台)
安东娜拉·塔莉Antonel...,1988/意大利法国/剧情爱情,359868人评价,朱塞佩·托纳多雷GiuseppeTornatore,,https://img3.doubanio.com/view/photo/s_ratio_poster/public/p1910901025.jpg,那些吻戏，那些青春，都在影院的黑暗里被泪水冲刷得无比清晰。,,,9.1,天堂电影院,NuovoCinemaParadiso,/星光伴我心(港)/新天堂乐园(台)
克里斯蒂安·贝尔Christ...,2008/美国英国/剧情动作科幻犯罪惊悚,418969人评价,克里斯托弗·诺兰ChristopherNolan,,https://img3.doubanio.com/view/photo/s_ratio_poster/public/p462657443.jpg,无尽的黑暗。,,[可播放],9.1,蝙蝠侠：黑暗骑士,TheDarkKnight,/蝙蝠侠前传2：黑暗骑士/黑暗骑士(台)
葛优YouGe/巩俐LiGong/姜武WuJiang,1994/中国大陆香港/剧情历史家庭,347112人评价,张艺谋YimouZhang,,https://img3.doubanio.com/view/photo/s_ratio_poster/public/p2513253791.jpg,张艺谋最好的电影。,,[可播放],9.1,活着,None,/人生/Lifetimes
亨利·方达HenryFonda/马丁·鲍尔萨姆Marti...,1957/美国/剧情,209434人评价,SidneyLumet,,https://img3.doubanio.com/view/photo/s_ratio_poster/public/p2173577632.jpg,1957年的理想主义。 ,,[可播放],9.4,十二怒汉,12AngryMen,/12怒汉/十二怒汉
姜文WenJiang/香川照之TeruyukiKagawa/...,2000/中国大陆/剧情历史战争,290717人评价,姜文WenJiang,,https://img3.doubanio.com/view/photo/s_ratio_poster/public/p1181775734.jpg,对敌人的仁慈，就是对自己残忍。,,,9.2,鬼子来了,None,/DevilsontheDoorstep
苏拉·沙玛SurajSharma/伊尔凡·可汗Irrfan...,2012/美国台湾英国加拿大/剧情奇幻冒险,702791人评价,李安AngLee,,https://img3.doubanio.com/view/photo/s_ratio_poster/public/p1784592701.jpg,瑰丽壮观、无人能及的冒险之旅。,,[可播放],9.0,少年派的奇幻漂流,LifeofPi,/少年Pi的奇幻漂流/漂流少年Pi
维果·莫腾森ViggoMortensen/...,2003/美国新西兰/剧情动作奇幻冒险,347420人评价,彼得·杰克逊PeterJackson,,https://img3.doubanio.com/view/photo/s_ratio_poster/public/p1910825503.jpg,史诗的终章。,,[可播放],9.1,指环王3：王者无敌,TheLordoftheRings:TheReturnoftheKing,/魔戒三部曲：王者再临(台/港)
爱德华·诺顿EdwardNorton/布拉...,1999/美国德国/剧情动作悬疑惊悚,463339人评价,大卫·芬奇DavidFincher,,https://img1.doubanio.com/view/photo/s_ratio_poster/public/p1910926158.jpg,邪恶与平庸蛰伏于同一个母体，在特定的时间互相对峙。,,,9.0,搏击俱乐部,FightClub,/搏击会(港)/斗阵俱乐部(台)
田中真弓MayumiTanaka/横泽启子Ke...,1986/日本/动画奇幻冒险,404620人评价,宫崎骏HayaoMiyazaki,,https://img1.doubanio.com/view/photo/s_ratio_poster/public/p1446261379.jpg,对天空的追逐，永不停止。 ,,,9.0,天空之城,天空の城ラピュタ,/TenkûnoshiroRapyuta/Laputa:CastleintheSky
查尔斯·劳顿CharlesLaughton/...,1957/美国/剧情犯罪悬疑,137878人评价,比利·怀尔德BillyWilder,,https://img1.doubanio.com/view/photo/s_ratio_poster/public/p1505392928.jpg,比利·怀德满分作品。,,[可播放],9.6,控方证人,WitnessfortheProsecution,/雄才伟略/情妇
爱德...,2009/美国/剧情喜剧动画冒险,616639人评价,彼特·道格特PeteDocter/鲍勃·彼德森BobPeterson,,https://img3.doubanio.com/view/photo/s_ratio_poster/public/p2364094053.jpg,最后那些最无聊的事情，才是最值得怀念的。 ,,[可播放],8.9,飞屋环游记,Up,/冲天救兵(港)/天外奇迹(台)
周星驰StephenChow/吴孟达ManTatNg...,1995/香港中国大陆/喜剧爱情奇幻冒险,511885人评价,刘镇伟JeffreyLau,,https://img3.doubanio.com/view/photo/s_ratio_poster/public/p1280323646.jpg,旷古烁今。,,[可播放],8.9,大话西游之月光宝盒,西遊記第壹佰零壹回之月光寶盒,/西游记101回月光宝盒/齐天大圣东游记
奥黛丽·赫本AudreyHepburn/格...,1953/美国/喜剧剧情爱情,468923人评价,威廉·惠勒WilliamWyler,,https://img3.doubanio.com/view/photo/s_ratio_poster/public/p2189265085.jpg,爱情哪怕只有一天。,,[可播放],9.0,罗马假日,RomanHoliday,/金枝玉叶(港)/罗马假期(台)
,,276471人评价,,,https://img1.doubanio.com/view/photo/s_ratio_poster/public/p1808872109.jpg,别样人生。,,[可播放],9.1,窃听风暴,DasLebenderAnderen,/他人的生活/别人的生活
JasonFlemyng/DexterFletcher/NickMoran,1998/英国/剧情喜剧犯罪,318357人评价,GuyRitchie,,https://img1.doubanio.com/view/photo/s_ratio_poster/public/p792443418.jpg,4个臭皮匠顶个诸葛亮，盖·里奇果然不是盖的。,,,9.1,两杆大烟枪,"Lock,StockandTwoSmokingBarrels",/够姜四小强(港)/两根枪管(台)
阿米尔·汗AamirKhan/法缇玛...,2016/印度/剧情传记运动家庭,613671人评价,涅提·蒂瓦里NiteshTiwari,,https://img3.doubanio.com/view/photo/s_ratio_poster/public/p2457983084.jpg,你不是在为你一个人战斗，你要让千千万万的女性看到女生并不是只能相夫教子。,,[可播放],9.1,摔跤吧！爸爸,Dangal,/我和我的冠军女儿(台)/打死不离3父女(港)
杰克·尼科尔森JackNichols...,1975/美国/剧情,322028人评价,米洛斯·福尔曼MilošForman,,https://img1.doubanio.com/view/photo/s_ratio_poster/public/p792238287.jpg,自由万岁。,,,9.0,飞越疯人院,OneFlewOvertheCuckoo'sNest,/飞越杜鹃窝(台)/飞越喜鹊巢
阿尔·帕西诺AlPacino/克里斯...,1992/美国/剧情,397107人评价,马丁·布莱斯MartinBrest,,https://img1.doubanio.com/view/photo/s_ratio_poster/public/p925123037.jpg,史上最美的探戈。,,[可播放],9.0,闻香识女人,ScentofaWoman,/女人香/女人的芳香
宋康昊Kang-hoSong/吴达洙Dal-suO...,2013/韩国/剧情,273378人评价,杨宇硕Woo-seokYang,,https://img3.doubanio.com/view/photo/s_ratio_poster/public/p2158166535.jpg,电影的现实意义大过电影本身。,,[可播放],9.2,辩护人,변호인,/逆权大状(港)/正义辩护人(台)
倍赏千惠子ChiekoBaishô/木村拓...,2004/日本/动画奇幻冒险,436929人评价,宫崎骏HayaoMiyazaki,,https://img3.doubanio.com/view/photo/s_ratio_poster/public/p2174346180.jpg,带着心爱的人在天空飞翔。,,,8.9,哈尔的移动城堡,ハウルの動く城,/呼啸山城/霍尔的移动城堡
罗宾·威廉姆斯RobinWilliams/罗伯...,1989/美国/剧情,341231人评价,彼得·威尔PeterWeir,,https://img3.doubanio.com/view/photo/s_ratio_poster/public/p1910824340.jpg,当一个死水般的体制内出现一个活跃的变数时，所有的腐臭都站在了光明的对面。,,[可播放],9.0,死亡诗社,DeadPoetsSociety,/暴雨骄阳(港)/春风化雨(台)
娜塔莉·波特曼NataliePor...,2005/美国英国德国/剧情动作科幻惊悚,514859人评价,詹姆斯·麦克特格JamesMcTeigue,,https://img3.doubanio.com/view/photo/s_ratio_poster/public/p1465235231.jpg,一张面具背后的理想与革命。,,[可播放],8.8,V字仇杀队,VforVendetta,/V煞(港)/V怪客(台)
JohnChisholm/Mandy-RaeCruikshank/Char...,2009/美国/纪录片,211648人评价,LouiePsihoyos,,https://img3.doubanio.com/view/photo/s_ratio_poster/public/p455222172.jpg,海豚的微笑，是世界上最高明的伪装。,,[可播放],9.3,海豚湾,TheCove,/血色海湾(台)/海湾
阿尔·帕西诺A...,1974/美国/剧情犯罪,231265人评价,弗朗西斯·福特·科波拉FrancisFordCoppola,,https://img1.doubanio.com/view/photo/s_ratio_poster/public/p2194138787.jpg,优雅的孤独。,,[可播放],9.1,教父2,TheGodfather:PartⅡ,/教父续集/教父II
伊利亚·伍德ElijahWood/西恩...,2002/美国新西兰/剧情动作奇幻冒险,325793人评价,彼得·杰克逊PeterJackson,,https://img3.doubanio.com/view/photo/s_ratio_poster/public/p909265336.jpg,承前启后的史诗篇章。,,[可播放],9.0,指环王2：双塔奇兵,TheLordoftheRings:TheTwoTowers,/魔戒二部曲：双城奇谋/指环王II：双塔
伊利亚·伍德ElijahWood/西恩...,2001/新西兰美国/剧情动作奇幻冒险,364885人评价,彼得·杰克逊PeterJackson,,https://img3.doubanio.com/view/photo/s_ratio_poster/public/p1354436051.jpg,传说的开始。,,[可播放],8.9,指环王1：魔戒再现,TheLordoftheRings:TheFellowshipoftheRing,/魔戒首部曲：魔戒现身/指环王I：护戒使者
罗素·克劳RussellCrowe/艾德·哈...,2001/美国/传记剧情,363928人评价,朗·霍华德RonHoward,,https://img3.doubanio.com/view/photo/s_ratio_poster/public/p1665997400.jpg,爱是一切逻辑和原由。,,[可播放],8.9,美丽心灵,ABeautifulMind,/有你终生美丽(港)/美丽境界(台)
郎雄SihungLung/杨贵媚Kuei-MeiYang/吴...,1994/台湾美国/剧情家庭,249873人评价,李安AngLee,,https://img3.doubanio.com/view/photo/s_ratio_poster/public/p1910899751.jpg,人生不能像做菜，把所有的料都准备好了才下锅。,,,9.1,饮食男女,飲食男女,/EatDrinkManWoman
中山美穗MihoNakayama/丰川悦司Ets...,1995/日本/剧情爱情,445621人评价,岩井俊二ShunjiIwai,,https://img1.doubanio.com/view/photo/s_ratio_poster/public/p449897379.jpg,暗恋的极致。,,[可播放],8.8,情书,LoveLetter,/WhenICloseMyEyes/LettersofLove
薛景求Kyung-guSol/严志媛Ji-wonUhm...,2013/韩国/剧情,234167人评价,李濬益Jun-ikLee,,https://img3.doubanio.com/view/photo/s_ratio_poster/public/p2118532944.jpg,受过伤害的人总是笑得最开心，因为他们不愿意让身边的人承受一样的痛苦。,,,9.1,素媛,소원,/许愿/希望：为爱重生(台)
乔纳森·泰勒·托马...,1994/美国/剧情动画冒险歌舞家庭,342290人评价,RogerAllers/罗伯·明可夫RobMinkoff,,https://img1.doubanio.com/view/photo/s_ratio_poster/public/p726659067.jpg,动物版《哈姆雷特》。,,[可播放],8.9,狮子王,TheLionKing,/狮子王3D
罗伯特·德尼罗RobertDeNiro...,1984/意大利美国/犯罪剧情,207602人评价,赛尔乔·莱翁内SergioLeone,,https://img1.doubanio.com/view/photo/s_ratio_poster/public/p477229647.jpg,往事如烟，无处祭奠。,,,9.1,美国往事,OnceUponaTimeinAmerica,/四海兄弟(台)/义薄云天(港)
艾德里安·布洛迪AdrienBrod...,2002/法国德国英国波兰/剧情传记历史战争音乐,240120人评价,罗曼·波兰斯基RomanPolanski,,https://img3.doubanio.com/view/photo/s_ratio_poster/public/p792484461.jpg,音乐能化解仇恨。,,[可播放],9.1,钢琴家,ThePianist,/战地琴声(台)/战地琴人
AmirFarrokhHashemian/默罕...,1997/伊朗/剧情家庭儿童,172591人评价,马基德·马基迪MajidMajidi,,https://img3.doubanio.com/view/photo/s_ratio_poster/public/p2165511465.jpg,奔跑的孩子是天使。,,[可播放],9.2,小鞋子,بچههایآسمان,/天堂的孩子/小童鞋
摩根·弗里曼MorganFreeman/布...,1995/美国/剧情犯罪悬疑惊悚,503644人评价,大卫·芬奇DavidFincher,,https://img3.doubanio.com/view/photo/s_ratio_poster/public/p457631605.jpg,警察抓小偷，老鼠玩死猫。,,[可播放],8.8,七宗罪,Se7en,/火线追缉令(台)/7宗罪
中谷美纪MikiNakatani/瑛太E...,2006/日本/剧情歌舞,359346人评价,中岛哲也TetsuyaNakashima,,https://img1.doubanio.com/view/photo/s_ratio_poster/public/p453723669.jpg,以戏谑来戏谑戏谑。,,[可播放],8.9,被嫌弃的松子的一生,嫌われ松子の一生,/花样奇缘(港)/令人讨厌的松子的一生(台)
休·杰克曼HughJackman...,2006/美国英国/剧情悬疑惊悚,410267人评价,克里斯托弗·诺兰ChristopherNolan,,https://img3.doubanio.com/view/photo/s_ratio_poster/public/p480383375.jpg,孪生蝙蝠侠大战克隆金刚狼。,,[可播放],8.8,致命魔术,ThePrestige,/顶尖对决(台)/死亡魔法(港)
奥黛丽·塔图AudreyTau...,2001/法国德国/喜剧爱情,561620人评价,让-皮埃尔·热内Jean-PierreJeunet,,https://img3.doubanio.com/view/photo/s_ratio_poster/public/p803896904.jpg,法式小清新。 ,,[可播放],8.7,天使爱美丽,Lefabuleuxdestind'AméliePoulain,/艾蜜莉的异想世界(台)/天使艾米莉
凯特·布兰切特CateBlanchett/...,2008/美国/剧情爱情奇幻,466811人评价,大卫·芬奇DavidFincher,,https://img3.doubanio.com/view/photo/s_ratio_poster/public/p2192535722.jpg,在时间之河里感受溺水之苦。,,[可播放],8.8,本杰明·巴顿奇事,TheCuriousCaseofBenjaminButton,/奇幻逆缘(港)/返老还童
莫妮卡·贝鲁奇Monica...,2000/意大利美国/剧情战争情色,432220人评价,朱塞佩·托纳多雷GiuseppeTornatore,,https://img3.doubanio.com/view/photo/s_ratio_poster/public/p792400696.jpg,美丽无罪。,,[可播放],8.8,西西里的美丽传说,Malèna,/真爱伴我行(台)/玛莲娜
,,341488人评价,,,https://img1.doubanio.com/view/photo/s_ratio_poster/public/p451926968.jpg,视觉革命。,,[可播放],8.9,黑客帝国,TheMatrix,/廿二世纪杀人网络(港)/骇客任务(台)
姜文WenJiang/葛优YouGe/周润发Yun-F...,2010/中国大陆香港/剧情喜剧动作西部,758262人评价,姜文WenJiang,,https://img1.doubanio.com/view/photo/s_ratio_poster/public/p1512562287.jpg,你给我翻译翻译，神马叫做TMD的惊喜。,,[可播放],8.7,让子弹飞,None,/让子弹飞一会儿/火烧云
朱丽·安德鲁斯JulieAndrews/克里斯托弗·普...,1965/美国/剧情传记爱情歌舞,274606人评价,RobertWise,,https://img1.doubanio.com/view/photo/s_ratio_poster/public/p453788577.jpg,用音乐化解仇恨，让歌声串起美好。,,[可播放],8.9,音乐之声,TheSoundofMusic,/仙乐飘飘处处闻(港)/真善美(台)
汤姆·汉克斯TomHanks...,1998/美国/剧情历史战争,292220人评价,史蒂文·斯皮尔伯格StevenSpielberg,,https://img3.doubanio.com/view/photo/s_ratio_poster/public/p1014542496.jpg,美利坚精神输出大片No1.,,[可播放],8.9,拯救大兵瑞恩,SavingPrivateRyan,/雷霆救兵(港)/抢救雷恩大兵(台)
马里奥·卡萨斯MarioCasas/阿...,2016/西班牙/剧情犯罪悬疑惊悚,452812人评价,奥里奥尔·保罗OriolPaulo,,https://img3.doubanio.com/view/photo/s_ratio_poster/public/p2498971355.jpg,你以为你以为的就是你以为的。,,[可播放],8.7,看不见的客人,Contratiempo,/佈局(台)/死无对证(港)
约翰·特拉沃尔塔JohnTra...,1994/美国/剧情喜剧犯罪,401325人评价,昆汀·塔伦蒂诺QuentinTarantino,,https://img3.doubanio.com/view/photo/s_ratio_poster/public/p1910902213.jpg,故事的高级讲法。,,[可播放],8.8,低俗小说,PulpFiction,/黑色追緝令(台)/危险人物(港)
梅尔·吉布森MelGibson/苏菲·玛...,1995/美国/动作传记剧情历史战争,336969人评价,梅尔·吉布森MelGibson,,https://img3.doubanio.com/view/photo/s_ratio_poster/public/p1374546770.jpg,史诗大片的典范。,,[可播放],8.8,勇敢的心,Braveheart,/惊世未了缘(港)/梅尔吉勃逊之英雄本色(台)
尊龙JohnLone/陈...,1987/英国意大利中国大陆法国美国/剧情传记历史,226461人评价,贝纳尔多·贝托鲁奇BernardoBertolucci,,https://img3.doubanio.com/view/photo/s_ratio_poster/public/p452088641.jpg,“不要跟我比惨，我比你更惨”再适合这部电影不过了。,,[可播放],9.0,末代皇帝,TheLastEmperor,/末代皇帝溥仪(港)
约翰尼·德普JohnnyDepp/薇诺娜·瑞德Winona...,1990/美国/剧情奇幻爱情,567609人评价,TimBurton,,https://img1.doubanio.com/view/photo/s_ratio_poster/public/p480956937.jpg,浪漫忧郁的成人童话。,,[可播放],8.7,剪刀手爱德华,EdwardScissorhands,/幻海奇缘(港)/剪刀手爱德华
朱迪·福斯特JodieFoster/安...,1991/美国/剧情犯罪惊悚,412043人评价,乔纳森·戴米JonathanDemme,,https://img1.doubanio.com/view/photo/s_ratio_poster/public/p1593414327.jpg,安东尼·霍普金斯的顶级表演。,,,8.8,沉默的羔羊,TheSilenceoftheLambs,/沉默的羔羊
邱岳峰YuefengQiu/...,1961(中国大陆)/1964(中国大陆)/1978(中国大陆)/2004(中国大陆)/中国大陆/动画奇幻,131007人评价,万籁鸣LaimingWan/唐澄ChengTang,,https://img1.doubanio.com/view/photo/s_ratio_poster/public/p2184505167.jpg,经典之作，历久弥新。,,[可播放],9.3,大闹天宫,None,/大闹天宫上下集/TheMonkeyKing
,,450850人评价,,,https://img1.doubanio.com/view/photo/s_ratio_poster/public/p2209066019.jpg,人的命运被自己瞬间的抉择改变。,,[可播放],8.7,蝴蝶效应,TheButterflyEffect,/蝴蝶效应
张国荣LeslieCheung/梁朝伟TonyLeu...,1997/香港日本韩国/剧情爱情同性,295891人评价,王家卫KarWaiWong,,https://img3.doubanio.com/view/photo/s_ratio_poster/public/p465939041.jpg,爱情纠缠，男女一致。,,,8.8,春光乍泄,春光乍洩,/一起快乐/HappyTogether
本木雅弘MasahiroMotoki/...,2008/日本/剧情,356614人评价,泷田洋二郎YôjirôTakita,,https://img1.doubanio.com/view/photo/s_ratio_poster/public/p594972928.jpg,死可能是一道门，逝去并不是终结，而是超越，走向下一程。,,,8.8,入殓师,おくりびと,/礼仪师之奏鸣曲(港)/礼仪师(台)
马特·达蒙MattDamon/罗宾·...,1997/美国/剧情,326399人评价,格斯·范·桑特GusVanSant,,https://img3.doubanio.com/view/photo/s_ratio_poster/public/p480965695.jpg,人生中应该拥有这样的一段豁然开朗。,,[可播放],8.8,心灵捕手,GoodWillHunting,/骄阳似我(港)/心灵捕手
DanielRadcliffe/EmmaWatson/RupertGrint,2001/美国英国/奇幻冒险,330937人评价,ChrisColumbus,,https://img3.doubanio.com/view/photo/s_ratio_poster/public/p804947166.jpg,童话世界的开端。,,[可播放],8.8,哈利·波特与魔法石,HarryPotterandtheSorcerer'sStone,/哈利波特1：神秘的魔法石(港/台)
托妮·科莱特ToniCollette/菲利...,2009/澳大利亚/剧情动画,258974人评价,亚当·艾略特AdamElliot,,https://img1.doubanio.com/view/photo/s_ratio_poster/public/p1820615077.jpg,你是我最好的朋友，你是我唯一的朋友 。,,[可播放],8.9,玛丽和马克思,MaryandMax,/巧克力情缘(台)/同是天涯寂寞客
拉尔夫·费因斯RalphFiennes/...,2014/美国德国英国/剧情喜剧冒险,390490人评价,韦斯·安德森WesAnderson,,https://img3.doubanio.com/view/photo/s_ratio_poster/public/p2178872593.jpg,小清新的故事里注入了大历史的情怀。,,[可播放],8.8,布达佩斯大饭店,TheGrandBudapestHotel,/布达佩斯大酒店(港)/欢迎来到布达佩斯大饭店(台)
夏雨YuXia/宁静JingNing/陶虹HongTao,1994/中国大陆香港/剧情,321626人评价,姜文WenJiang,,https://img1.doubanio.com/view/photo/s_ratio_poster/public/p967457079.jpg,一场华丽的意淫。,,,8.8,阳光灿烂的日子,None,/IntheHeatoftheSun
莱昂纳多·迪卡普里奥LeonardoDiCaprio/...,2010/美国/剧情悬疑惊悚,430634人评价,MartinScorsese,,https://img1.doubanio.com/view/photo/s_ratio_poster/public/p1832875827.jpg,昔日翩翩少年，今日大腹便便。,,[可播放],8.7,禁闭岛,ShutterIsland,/不赦岛(港)/隔离岛(台)
莱昂纳多·迪卡普里奥L...,2002/美国加拿大/传记犯罪剧情,290186人评价,史蒂文·斯皮尔伯格StevenSpielberg,,https://img3.doubanio.com/view/photo/s_ratio_poster/public/p453924541.jpg,骗子大师和执著警探的你追我跑故事。 ,,[可播放],8.8,猫鼠游戏,CatchMeIfYouCan,/逍遥法外/神鬼交锋(台)
松田洋治YôjiMatsuda/石田百合...,1997/日本/动画奇幻冒险,274922人评价,宫崎骏HayaoMiyazaki,,https://img3.doubanio.com/view/photo/s_ratio_poster/public/p1613191025.jpg,人与自然的战争史诗。,,,8.8,幽灵公主,もののけ姫,/魔法公主/幽灵少女
布鲁斯·威利斯BruceWi...,1999/美国/剧情悬疑惊悚,274722人评价,M·奈特·沙马兰M.NightShyamalan,,https://img3.doubanio.com/view/photo/s_ratio_poster/public/p2220184425.jpg,深入内心的恐怖，出人意料的结局。,,[可播放],8.8,第六感,TheSixthSense,/灵异第六感/鬼眼
林青霞BrigitteLin/金城武TakeshiK...,1994/香港/剧情爱情,391486人评价,王家卫KarWaiWong,,https://img3.doubanio.com/view/photo/s_ratio_poster/public/p2242058421.jpg,寂寞没有期限。,,,8.7,重庆森林,重慶森林,/ChungkingExpress
麦斯·米科尔森MadsMik...,2012/丹麦瑞典/剧情,160988人评价,托马斯·温特伯格ThomasVinterberg,,https://img1.doubanio.com/view/photo/s_ratio_poster/public/p1546987967.jpg,人言可畏。,,[可播放],9.1,狩猎,Jagten,/谎言的烙印(台)/诬网(港)
JohnCusack/RayLiotta/AmandaPeet,2003/美国/剧情悬疑惊悚,377337人评价,JamesMangold,,https://img3.doubanio.com/view/photo/s_ratio_poster/public/p453720880.jpg,最不可能的那个人永远是最可能的。,,[可播放],8.7,致命ID,Identity,/杀人游戏/致命身份
希斯·莱杰HeathLedger/杰克·吉伦哈尔Jake...,2005/美国加拿大/剧情爱情同性家庭,375251人评价,李安AngLee,,https://img1.doubanio.com/view/photo/s_ratio_poster/public/p513535588.jpg,每个人心中都有一座断背山。,,[可播放],8.7,断背山,BrokebackMountain,/断臂山/BBM
阿沙·巴特菲尔德AsaButterfield/...,2008/英国美国/剧情战争,187580人评价,马克·赫门MarkHerman,,https://img3.doubanio.com/view/photo/s_ratio_poster/public/p1473670352.jpg,尽管有些不切实际的幻想，这部电影依旧是一部感人肺腑的佳作。,,[可播放],8.9,穿条纹睡衣的男孩,TheBoyintheStripedPajamas,/穿条纹衣服的男孩/穿条纹衣的男孩
伊万·麦克格雷格EwanMcGregor/阿...,2003/美国/剧情家庭奇幻冒险,294438人评价,蒂姆·波顿TimBurton,,https://img3.doubanio.com/view/photo/s_ratio_poster/public/p692813374.jpg,抱着梦想而活着的人是幸福的，怀抱梦想而死去的人是不朽的。,,[可播放],8.7,大鱼,BigFish,/大鱼奇缘(港)/大智若鱼(台)
约翰尼·德普JohnnyDepp/...,2003/美国/动作冒险奇幻,413003人评价,戈尔·维宾斯基GoreVerbinski,,https://img3.doubanio.com/view/photo/s_ratio_poster/public/p1596085504.jpg,约翰尼·德普的独角戏。,,[可播放],8.6,加勒比海盗,PiratesoftheCaribbean:TheCurseoftheBlackPearl,/加勒比海盗1：黑珍珠号的诅咒/神鬼奇航：鬼盗船魔咒(台)
萨姆·沃辛顿SamWorthington...,2009/美国英国/动作战争科幻冒险,622600人评价,詹姆斯·卡梅隆JamesCameron,,https://img1.doubanio.com/view/photo/s_ratio_poster/public/p492458287.jpg,绝对意义上的美轮美奂。,,[可播放],8.6,阿凡达,Avatar,/天神下凡(港)/化身
松隆子TakakoMatsu/冈田将生...,2010/日本/剧情惊悚,398354人评价,中岛哲也TetsuyaNakashima,,https://img3.doubanio.com/view/photo/s_ratio_poster/public/p689520756.jpg,没有一人完全善，也没有一人完全恶。,,[可播放],8.7,告白,None,/自白/母亲
吴念真/李凯莉KellyLee/金燕玲Elai...,2000/台湾日本/剧情爱情家庭,179848人评价,杨德昌EdwardYang,,https://img1.doubanio.com/view/photo/s_ratio_poster/public/p2119675128.jpg,我们都曾经是一一。,,,8.9,一一,None,/Yiyi/Yiyi:AOneandaTwo
黎明LeonLai/张曼玉MaggieCheung/...,1996/香港/剧情爱情,264536人评价,陈可辛PeterChan,,https://img3.doubanio.com/view/photo/s_ratio_poster/public/p1962839732.jpg,相逢只要一瞬间，等待却像是一辈子。,,,8.8,甜蜜蜜,None,/Comrades:AlmostaLoveStory
查理·卓别林CharlesChaplin...,1936/美国/喜剧剧情爱情,110892人评价,查理·卓别林CharlesChaplin,,https://img3.doubanio.com/view/photo/s_ratio_poster/public/p2173707976.jpg,大时代中的人生，小人物的悲喜。,,[可播放],9.2,摩登时代,ModernTimes,"/TheMasses/Tempsmodernes,Les"
梁朝伟TonyLeungChiuWai/林青霞Bri...,1993/香港/喜剧古装,319943人评价,刘镇伟JeffreyLau,,https://img3.doubanio.com/view/photo/s_ratio_poster/public/p1993903133.jpg,百看不厌。 ,,,8.7,射雕英雄传之东成西就,射鵰英雄傳之東成西就,/东成西就/大英雄(日本)
沈恩京Eun-kyungShim/闵孝琳Hy...,2011/韩国/剧情喜剧,314762人评价,姜炯哲Hyeong-CheolKang,,https://img1.doubanio.com/view/photo/s_ratio_poster/public/p1374786017.jpg,再多各自牛逼的时光，也比不上一起傻逼的岁月。 ,,[可播放],8.8,阳光姐妹淘,써니,/阳光姊妹淘(港)/桑尼
伊桑·霍克EthanHawke...,1995/美国奥地利瑞士/剧情爱情,262263人评价,理查德·林克莱特RichardLinklater,,https://img3.doubanio.com/view/photo/s_ratio_poster/public/p452582315.jpg,缘分是个连绵词，最美不过一瞬。,,[可播放],8.7,爱在黎明破晓前,BeforeSunrise,/情留半天(港)/爱在黎明破晓时(台)
本·阿弗莱克BenAffleck/罗莎蒙...,2014/美国/剧情犯罪悬疑惊悚,424455人评价,大卫·芬奇DavidFincher,,https://img3.doubanio.com/view/photo/s_ratio_poster/public/p2221768894.jpg,年度最佳date movie。,,[可播放],8.7,消失的爱人,GoneGirl,/失踪的女孩/失踪女孩
AlexandreRodrigues/Lea...,2002/巴西法国/犯罪剧情,176389人评价,KátiaLund/FernandoMeirelles,,https://img3.doubanio.com/view/photo/s_ratio_poster/public/p455677490.jpg,被上帝抛弃了的上帝之城。,,,8.9,上帝之城,CidadedeDeus,/无主之城(港)/无法无天(台)
本名阳子YoukoHonna/小林桂树K...,1995/日本/剧情爱情动画,203187人评价,近藤喜文YoshifumiKondo,,https://img3.doubanio.com/view/photo/s_ratio_poster/public/p456692072.jpg,少女情怀总是诗。,,,8.8,侧耳倾听,耳をすませば,/心之谷/梦幻街少女
伊桑·霍克EthanHawke...,2004/美国/剧情爱情,232145人评价,理查德·林克莱特RichardLinklater,,https://img3.doubanio.com/view/photo/s_ratio_poster/public/p1910924055.jpg,九年后的重逢是世俗和责任的交叠，没了悸动和青涩，沧桑而温暖。,,[可播放],8.8,爱在日落黄昏时,BeforeSunset,/日落巴黎(港)/爱在日落巴黎时(台)
岛本须美SumiShimamoto/松田洋治Y...,1984/日本/动画奇幻冒险,203880人评价,宫崎骏HayaoMiyazaki,,https://img3.doubanio.com/view/photo/s_ratio_poster/public/p1917567652.jpg,动画片的圣经。,,,8.8,风之谷,風の谷のナウシカ,/风谷少女/KazenotaninoNaushika
艾德里安·布洛迪AdrienBrody/马西...,2011/美国/剧情,208220人评价,托尼·凯耶TonyKaye,,https://img3.doubanio.com/view/photo/s_ratio_poster/public/p1305562621.jpg,穷尽一生，我们要学会的，不过是彼此拥抱。,,[可播放],8.8,超脱,Detachment,/人间师格(台)
桥本爱AiHashimoto/三浦贵大Takahir...,2014/日本/剧情,169118人评价,森淳一JunichiMori,,https://img3.doubanio.com/view/photo/s_ratio_poster/public/p2221319641.jpg,那些静得只能听见呼吸的日子里，你明白孤独即生活。,,[可播放],8.9,小森林 夏秋篇,リトル・フォレスト夏・秋,/小森食光/夏秋篇(台)
张国荣LeslieCheung/王祖贤JoeyW...,1987/香港/剧情爱情武侠古装,309779人评价,程小东Siu-TungChing,,https://img3.doubanio.com/view/photo/s_ratio_poster/public/p2414157745.jpg,两张绝世的脸。 ,,[可播放],8.6,倩女幽魂,None,/倩女幽魂(87版)/AChineseGhostStory
河正宇Jung-wooHa/李璟荣Kyeong-y...,2013/韩国/剧情犯罪悬疑,273012人评价,金秉祐Byeong-wooKim,,https://img3.doubanio.com/view/photo/s_ratio_poster/public/p2016930906.jpg,恐怖分子的“秋菊打官司”。,,[可播放],8.7,恐怖直播,더테러라이브,/死亡“动”新闻(港)/恐怖攻击直播(台)
周星驰StephenCh...,1999/香港/喜剧剧情爱情,381878人评价,周星驰StephenChow/李力持Lik-ChiLee,,https://img3.doubanio.com/view/photo/s_ratio_poster/public/p1043597424.jpg,我是一个演员。,,,8.6,喜剧之王,喜劇之王,/KingofComedy
林原惠美MegumiHayashibara/古谷彻T...,2006/日本/动画悬疑科幻惊悚,162897人评价,今敏SatoshiKon,,https://img3.doubanio.com/view/photo/s_ratio_poster/public/p672363704.jpg,梦的勾结。,,,8.9,红辣椒,パプリカ,/盗梦侦探/帕布莉卡
北野武TakeshiKitano/关口雄介Yus...,1999/日本/剧情喜剧,222495人评价,北野武TakeshiKitano,,https://img3.doubanio.com/view/photo/s_ratio_poster/public/p751835224.jpg,从没见过那么流氓的温柔，从没见过那么温柔的流氓。,,[可播放],8.7,菊次郎的夏天,菊次郎の夏,/Kikujirônonatsu/菊次郎的夏天
...,2010/美国/喜剧动画奇幻冒险,337201人评价,迪恩·德布洛斯DeanDeBlois/克里斯·桑德斯ChrisSanders,,https://img1.doubanio.com/view/photo/s_ratio_poster/public/p450042258.jpg,和谐的生活离不开摸头与被摸头。,,[可播放],8.7,驯龙高手,HowtoTrainYourDragon,/驯龙记(港)
汤姆·汉克斯TomHanks...,2004/美国/喜剧剧情爱情,259788人评价,史蒂文·斯皮尔伯格StevenSpielberg,,https://img3.doubanio.com/view/photo/s_ratio_poster/public/p792263736.jpg,有时候幸福需要等一等。 ,,[可播放],8.7,幸福终点站,TheTerminal,/机场客运站(港)/航站情缘(台)
...,2010/美国法国/喜剧动画冒险,452567人评价,皮艾尔·柯芬PierreCoffin/克里斯·雷纳德ChrisRenaud,,https://img1.doubanio.com/view/photo/s_ratio_poster/public/p792776858.jpg,Mr. I Don't Care其实也有Care的时候。,,[可播放],8.5,神偷奶爸,DespicableMe,/卑鄙的我/坏蛋奖门人(港)
志田未来MiraiShida/神木...,2010/日本/动画奇幻冒险,251342人评价,米林宏昌HiromasaYonebayashi,,https://img3.doubanio.com/view/photo/s_ratio_poster/public/p617533616.jpg,曾经的那段美好会沉淀为一辈子的记忆。,,,8.7,借东西的小人阿莉埃蒂,借りぐらしのアリエッティ,/借物少女艾莉缇(台)/借东西的小矮人亚莉亚蒂(港)
吴君如SandraNg/任达华SimonYam/钟绍...,2010/香港中国大陆/剧情家庭,344533人评价,罗启锐AlexLaw,,https://img3.doubanio.com/view/photo/s_ratio_poster/public/p456666151.jpg,岁月流逝，来日可追。,,,8.6,岁月神偷,歲月神偷,/1969太空漫游/EchoesOfTheRainbow
宋康昊Kang-hoSong/金相庆Sang-kyun...,2003/韩国/犯罪剧情悬疑惊悚,241697人评价,奉俊昊Joon-hoBong,,https://img1.doubanio.com/view/photo/s_ratio_poster/public/p480225538.jpg,关于连环杀人悬案的集体回忆。,,,8.7,杀人回忆,살인의추억,/谋杀回忆/杀手回忆录
三船敏郎ToshirôMifune/志村乔...,1954/日本/动作冒险剧情,90497人评价,黑泽明AkiraKurosawa,,https://img3.doubanio.com/view/photo/s_ratio_poster/public/p647099823.jpg,时代悲歌。,,[可播放],9.2,七武士,七人の侍,/七侠四义(港)/TheSevenSamurai
辰己努/白石绫乃/志乃原良子,1988/日本/动画剧情战争,232492人评价,高畑勋IsaoTakahata,,https://img1.doubanio.com/view/photo/s_ratio_poster/public/p2237136718.jpg,幸福是生生不息，却难以触及的远。 ,,,8.7,萤火虫之墓,火垂るの墓,/再见萤火虫(港)/萤火挽歌
约...,2001/美国/儿童喜剧动画奇幻冒险,288217人评价,彼特·道格特PeteDocter/大卫·斯沃曼DavidSilverman,,https://img1.doubanio.com/view/photo/s_ratio_poster/public/p2513247938.jpg,不要给它起名字，起了名字就有感情了。,,[可播放],8.6,怪兽电力公司,"Monsters,Inc.",/怪兽公司(港)/怪物公司
马特·达蒙MattDamon/...,2007/美国德国/动作悬疑惊悚,209227人评价,保罗·格林格拉斯PaulGreengrass,,https://img1.doubanio.com/view/photo/s_ratio_poster/public/p792223507.jpg,像吃了苏打饼一样干脆的电影。,,[可播放],8.7,谍影重重3,TheBourneUltimatum,/叛谍追击3：最后通牒(港)/神鬼认证：最后通牒(台)
赵文瑄WinstonChao/郎雄SihungLung/归亚...,1993/台湾美国/剧情喜剧爱情同性家庭,162341人评价,李安AngLee,,https://img1.doubanio.com/view/photo/s_ratio_poster/public/p2249048907.jpg,中国家庭的喜怒哀乐忍。,,,8.8,喜宴,囍宴,/TheWeddingBanquet
戴夫...,2008/英国美国/剧情爱情,437956人评价,丹尼·鲍尔DannyBoyle/洛芙琳·坦丹LoveleenTandan,,https://img3.doubanio.com/view/photo/s_ratio_poster/public/p2434249040.jpg,上帝之城+猜火车+阿甘正传+开心辞典=山寨富翁,,,8.5,贫民窟的百万富翁,SlumdogMillionaire,/贫民百万富翁(台)/一百万零一夜(港)
雷·沃纳尔LeighWhannell/加利·艾...,2004/美国/悬疑惊悚恐怖,227377人评价,詹姆斯·温JamesWan,,https://img3.doubanio.com/view/photo/s_ratio_poster/public/p2163771304.jpg,真相就在眼前。,,,8.7,电锯惊魂,Saw,/夺魂锯(台)/恐惧斗室(港)
张国荣LeslieCheung/林青霞Brigitte...,1994/香港台湾/剧情动作爱情武侠古装,293463人评价,王家卫KarWaiWong,,https://img3.doubanio.com/view/photo/s_ratio_poster/public/p1982176012.jpg,电影诗。,,[可播放],8.6,东邪西毒,東邪西毒,/AshesofTime
桥本爱AiHashimoto/三浦贵大Takahir...,2015/日本/剧情,146285人评价,森淳一JunichiMori,,https://img1.doubanio.com/view/photo/s_ratio_poster/public/p2215147728.jpg,尊敬他人，尊敬你生活的这片土地，明白孤独是人生的常态。,,[可播放],9.0,小森林 冬春篇,リトル・フォレスト冬・春,/小森食光/冬春篇(台)
休·格兰特HughGrant/柯林...,2003/英国美国法国/喜剧剧情爱情,353910人评价,理查德·柯蒂斯RichardCurtis,,https://img3.doubanio.com/view/photo/s_ratio_poster/public/p475600770.jpg,爱，是个动词。,,[可播放],8.5,真爱至上,LoveActually,/爱是您，爱是我(台)/真的恋爱了(港)
盖·皮尔斯GuyPearce/...,2000/美国/犯罪剧情悬疑惊悚,318920人评价,克里斯托弗·诺兰ChristopherNolan,,https://img3.doubanio.com/view/photo/s_ratio_poster/public/p641688453.jpg,一个针管引发的血案。,,[可播放],8.6,记忆碎片,Memento,/失忆/记忆拼图(台)
蒂莫西·柴勒梅德Timothée...,2017/意大利法国巴西美国/剧情爱情同性,225016人评价,卢卡·圭达尼诺LucaGuadagnino,,https://img3.doubanio.com/view/photo/s_ratio_poster/public/p2505525050.jpg,沉醉在电影的情感和视听氛围中无法自拔。,,,8.8,请以你的名字呼唤我,CallMebyYourName,/以你的名字呼唤我(港/台)
娜塔莉·波特曼Natalie...,2010/美国/剧情惊悚,472979人评价,达伦·阿罗诺夫斯基DarrenAronofsky,,https://img3.doubanio.com/view/photo/s_ratio_poster/public/p719282906.jpg,黑暗之美。,,[可播放],8.5,黑天鹅,BlackSwan,/夺命黑天鹅/霸王别鹅(豆友译名)
..,2013/美国/喜剧动画冒险,424723人评价,科克·德·米科KirkDeMicco/克里斯·桑德斯ChrisSanders,,https://img1.doubanio.com/view/photo/s_ratio_poster/public/p1867084027.jpg,老少皆宜，这就是好莱坞动画的魅力。,,[可播放],8.7,疯狂原始人,TheCroods,/古鲁家族(港/台)
丹尼尔·雷德克里夫DanielRadcliffe...,2011/美国英国/剧情悬疑奇幻冒险,320395人评价,大卫·叶茨DavidYates,,https://img3.doubanio.com/view/photo/s_ratio_poster/public/p917846733.jpg,10年的完美句点。,,[可播放],8.7,哈利·波特与死亡圣器(下),HarryPotterandtheDeathlyHallows:Part2,/哈利波特7：死神的圣物2(港/台)
佐仓绫音AyaneSakura/内山昂辉K...,2011/日本/剧情爱情动画奇幻,194164人评价,大森贵弘TakahiroOmori,,https://img1.doubanio.com/view/photo/s_ratio_poster/public/p1272904657.jpg,触不到的恋人。,,[可播放],8.8,萤火之森,蛍火の杜へ,/萤火之社/Hotarubinomorie
达斯汀·霍夫曼DustinHoffman...,1988/美国/剧情,232411人评价,巴瑞·莱文森BarryLevinson,,https://img3.doubanio.com/view/photo/s_ratio_poster/public/p942376281.jpg,生活在自己的世界里，也可以让周围的人显得可笑和渺小。,,,8.6,雨人,RainMan,/手足情未了/手足情深
柳承龙Seung-yongRyoo/朴信惠Shi...,2013/韩国/剧情喜剧家庭,211158人评价,李焕庆Hwan-kyeongLee,,https://img3.doubanio.com/view/photo/s_ratio_poster/public/p1816276065.jpg,《我是山姆》的《美丽人生》。,,,8.7,7号房的礼物,7번방의선물,/戆爸的礼物(港)/7号囚房的礼物
周润发Yun-FatChow/狄龙LungTi/张国...,1986/香港/动作犯罪,206656人评价,吴宇森JohnWoo,,https://img1.doubanio.com/view/photo/s_ratio_poster/public/p2504997087.jpg,英雄泪短，兄弟情长。 ,,[可播放],8.6,英雄本色,None,/ABetterTomorrow/GanglandBoss
...,2009/法国瑞士西班牙美国阿联酋/纪录片,106480人评价,雅克·贝汉JacquesPerrin/雅克·克鲁奥德JacquesCluzaud,,https://img3.doubanio.com/view/photo/s_ratio_poster/public/p497010372.jpg,大海啊，不全是水。,,,9.0,海洋,Océans,/Oceans/海洋
唐·钱德尔DonCheadle/苏菲·奥...,2004/英国南非意大利美国/剧情历史战争,138917人评价,特瑞·乔治TerryGeorge,,https://img3.doubanio.com/view/photo/s_ratio_poster/public/p2159368352.jpg,当这个世界闭上双眼，他却敞开了怀抱。,,[可播放],8.9,卢旺达饭店,HotelRwanda,/卢安达饭店(台)
霍卫民WeiminHuo/王笑天XiaotianWang...,2014/中国大陆/剧情犯罪悬疑,216812人评价,忻钰坤YukunXin,,https://img3.doubanio.com/view/photo/s_ratio_poster/public/p2275298525.jpg,荒诞讽刺，千奇百巧，抽丝剥茧，百转千回。,,[可播放],8.7,心迷宫,None,/殡棺/TheCoffinintheMountain
斯科特...,2014/美国/喜剧动作科幻动画冒险,439251人评价,唐·霍尔DonHall/克里斯·威廉姆斯ChrisWilliams,,https://img1.doubanio.com/view/photo/s_ratio_poster/public/p2224568669.jpg,Balalala~~~,,[可播放],8.6,超能陆战队,BigHero6,/大英雄联盟(港)/大英雄天团(台)
达里奥·葛兰帝内提Darío...,2014/阿根廷西班牙/剧情喜剧犯罪,173532人评价,达米安·斯兹弗隆DamiánSzifron,,https://img3.doubanio.com/view/photo/s_ratio_poster/public/p2192834364.jpg,始于荒诞，止于更荒诞。,,[可播放],8.8,荒蛮故事,Relatossalvajes,/蛮荒故事/生命中最抓狂的小事(台)
周星驰StephenChow/巩俐LiGong/陈...,1993/香港/喜剧爱情古装,403539人评价,李力持Lik-ChiLee,,https://img3.doubanio.com/view/photo/s_ratio_poster/public/p1946455272.jpg,华太师是黄霑，吴镇宇四大才子之一。,,[可播放],8.5,唐伯虎点秋香,唐伯虎點秋香,/FlirtingScholar
克里斯蒂安·贝尔Christ...,2012/美国英国/剧情动作科幻犯罪惊悚,338768人评价,克里斯托弗·诺兰ChristopherNolan,,https://img3.doubanio.com/view/photo/s_ratio_poster/public/p1706428744.jpg,诺兰就是保证。,,[可播放],8.6,蝙蝠侠：黑暗骑士崛起,TheDarkKnightRises,/蝙蝠侠前传3：黑暗骑士崛起/黑暗骑士：黎明升起(台)
凯拉·奈特莉KeiraKnightley/马修·...,2005/法国英国美国/剧情爱情,351087人评价,乔·怀特JoeWright,,https://img3.doubanio.com/view/photo/s_ratio_poster/public/p452005185.jpg,爱是摈弃傲慢与偏见之后的曙光。,,[可播放],8.5,傲慢与偏见,Pride&Prejudice,/傲慢与偏见2005/PrideAndPrejudice
卡西·阿弗莱克CaseyAffle...,2016/美国/剧情家庭,238431人评价,肯尼斯·罗纳根KennethLonergan,,https://img1.doubanio.com/view/photo/s_ratio_poster/public/p2496940327.jpg,我们都有权利不与自己的过去和解。,,[可播放],8.6,海边的曼彻斯特,ManchesterbytheSea,/情系海边之城(港)/海曼
路易·德·菲耐斯LouisdeFunès...,1966/法国英国/喜剧战争,120067人评价,杰拉尔·乌里GérardOury,,https://img3.doubanio.com/view/photo/s_ratio_poster/public/p2399597512.jpg,永远看不腻的喜剧。,,[可播放],8.9,虎口脱险,Lagrandevadrouille,/横冲直撞出重围(港)/大進擊(台)
安东尼·霍普金斯AnthonyHopki...,1994/美国/剧情爱情西部家庭,163282人评价,爱德华·兹威克EdwardZwick,,https://img1.doubanio.com/view/photo/s_ratio_poster/public/p1023654037.jpg,传奇，不是每个人都可以拥有。,,[可播放],8.7,燃情岁月,LegendsoftheFall,/秋日传奇/真爱一世情(台)
阿尔·帕西诺A...,1990/美国/剧情犯罪,153489人评价,弗朗西斯·福特·科波拉FrancisFordCoppola,,https://img3.doubanio.com/view/photo/s_ratio_poster/public/p2169664351.jpg,任何信念的力量，都无法改变命运。,,[可播放],8.8,教父3,TheGodfather:PartIII,/教父第三集/教父III
周润发Yun-FatChow/张国荣LeslieCheung...,1991/香港/剧情喜剧动作犯罪,176135人评价,吴宇森JohnWoo,,https://img3.doubanio.com/view/photo/s_ratio_poster/public/p2272146906.jpg,香港浪漫主义警匪动作片的巅峰之作。,,[可播放],8.7,纵横四海,緃横四海,/OnceaThief
多姆纳尔·格利森DomhnallGl...,2013/英国/剧情爱情奇幻,240431人评价,理查德·柯蒂斯RichardCurtis,,https://img3.doubanio.com/view/photo/s_ratio_poster/public/p2070153774.jpg,把每天当作最后一天般珍惜度过，积极拥抱生活，就是幸福。,,[可播放],8.6,时空恋旅人,AboutTime,/时空旅恋人/回到最爱的一天(港)
汤姆·汉克斯TomHanks/蒂姆·艾...,2010/美国/喜剧动画奇幻冒险,220038人评价,李·昂克里奇LeeUnkrich,,https://img1.doubanio.com/view/photo/s_ratio_poster/public/p1283675359.jpg,跨度十五年的欢乐与泪水。,,[可播放],8.8,玩具总动员3,ToyStory3,/反斗奇兵3(港)/玩具的故事3
梁朝伟TonyLeungChiuWai/张曼玉Ma...,2000/香港/剧情爱情,281856人评价,王家卫KarWaiWong,,https://img3.doubanio.com/view/photo/s_ratio_poster/public/p1910828286.jpg,偷情本没有这样美。,,[可播放],8.5,花样年华,花樣年華,/IntheMoodforLove
瑞恩·高斯林RyanGosling/...,2004/美国/剧情爱情,325742人评价,尼克·卡索维茨NickCassavetes,,https://img3.doubanio.com/view/photo/s_ratio_poster/public/p483604864.jpg,爱情没有那么多借口，如果不能圆满，只能说明爱的不够。 ,,[可播放],8.5,恋恋笔记本,TheNotebook,/深情日记/写我情真
凯文·科斯特纳KevinCos...,1993/美国/剧情犯罪,95377人评价,克林特·伊斯特伍德ClintEastwood,,https://img3.doubanio.com/view/photo/s_ratio_poster/public/p792403691.jpg,坏人的好总是比好人的好来得更感人。,,[可播放],9.0,完美的世界,APerfectWorld,/强盗保镳
柳乐优弥YûyaYagira/北浦爱...,2004/日本/剧情,88602人评价,是枝裕和HirokazuKoreeda,,https://img3.doubanio.com/view/photo/s_ratio_poster/public/p661160053.jpg,我的平常生活就是他人的幸福。,,[可播放],9.1,无人知晓,誰も知らない,/谁知赤子心(港)/无人知晓的夏日清晨(台)
马修·麦康纳MatthewMcCon...,2013/美国/剧情传记同性,215882人评价,让-马克·瓦雷Jean-MarcVallée,,https://img1.doubanio.com/view/photo/s_ratio_poster/public/p2166160837.jpg,Jared Leto的腿比女人还美！,,[可播放],8.7,达拉斯买家俱乐部,DallasBuyersClub,/续命枭雄(港)/药命俱乐部(台)
,2015/中国大陆/纪录片,127075人评价,郭柯KeGuo,,https://img1.doubanio.com/view/photo/s_ratio_poster/public/p2457609817.jpg,有一些东西不应该被遗忘。,,[可播放],8.7,二十二,None,/TwentyTwo/22
"GeneKelly/DonaldOConnor/...""",1952/美国/喜剧歌舞爱情,104650人评价,:StanleyDonen/GeneKelly,,https://img3.doubanio.com/view/photo/s_ratio_poster/public/p1612355875.jpg,骨灰级歌舞片。,,[可播放],9.0,雨中曲,Singin'intheRain,/雨中情/万花嬉春
VivienLeigh/RobertTaylor/LucileWatson,1940/美国/剧情战争爱情,144218人评价,MervynLeRoy,,https://img1.doubanio.com/view/photo/s_ratio_poster/public/p2351134499.jpg,中国式内在的美国电影。,,[可播放],8.8,魂断蓝桥,WaterlooBridge,/滑铁卢桥/断桥残梦
伊万·麦克格雷格EwanMcGregor/...,1996/英国/犯罪剧情,274243人评价,丹尼·博伊尔DannyBoyle,,https://img1.doubanio.com/view/photo/s_ratio_poster/public/p513567548.jpg,不可猜的青春迷笛。 ,,[可播放],8.5,猜火车,Trainspotting,/迷幻列车(港)/定位的火车
仲里依纱RiisaNaka/石田卓也Takuya...,2006/日本/剧情爱情科幻动画,208062人评价,细田守MamoruHosoda,,https://img3.doubanio.com/view/photo/s_ratio_poster/public/p2079334286.jpg,爱上未来的你。 ,,,8.6,穿越时空的少女,時をかける少女,/跳跃吧！时空少女(台)/Tokiokakerushôjo
安德鲁·加菲尔德AndrewGarfield/...,2016/美国澳大利亚/剧情传记历史战争,376526人评价,梅尔·吉布森MelGibson,,https://img1.doubanio.com/view/photo/s_ratio_poster/public/p2398141939.jpg,优秀的战争片不会美化战场，不会粉饰死亡，不会矮化敌人，不会无视常识，最重要的，不会宣扬战争。,,[可播放],8.7,血战钢锯岭,HacksawRidge,/钢锯岭/钢铁英雄(台)
SeanPenn/DakotaFanning/Mi...,2001/美国/剧情家庭,121737人评价,杰茜·尼尔森JessieNelson,,https://img3.doubanio.com/view/photo/s_ratio_poster/public/p652417775.jpg,爱并不需要智商 。,,[可播放],8.8,我是山姆,IAmSam,/不一样的爸爸(港)/他不笨，他是我爸爸(台)
..,2002/美国/喜剧动画冒险,312938人评价,卡洛斯·沙尔丹哈CarlosSaldanha/克里斯·韦奇ChrisWedge,,https://img1.doubanio.com/view/photo/s_ratio_poster/public/p1910895719.jpg,松鼠才是角儿。,,[可播放],8.5,冰川时代,IceAge,/冰河世纪/冰原历险记
海利·乔·奥斯蒙Haley...,2001/美国/冒险剧情科幻,216607人评价,史蒂文·斯皮尔伯格StevenSpielberg,,https://img1.doubanio.com/view/photo/s_ratio_poster/public/p792257137.jpg,对爱的执着，可以超越一切。,,[可播放],8.6,人工智能,ArtificialIntelligence:AI,/AI人工智慧
迈尔斯·特勒MilesTeller/...,2014/美国/剧情音乐,271963人评价,达米安·沙泽勒DamienChazelle,,https://img3.doubanio.com/view/photo/s_ratio_poster/public/p2220776342.jpg,这个世界从不善待努力的人，努力了也不一定会成功，但是知道自己在努力，就是活下去的动力。,,,8.6,爆裂鼓手,Whiplash,/鼓动真我(港)/进击的鼓手(台)
尤尔根·沃格尔JürgenVogel...,2008/德国/剧情惊悚,149931人评价,丹尼斯·甘塞尔DennisGansel,,https://img3.doubanio.com/view/photo/s_ratio_poster/public/p1344888983.jpg,世界离独裁只有五天。,,,8.7,浪潮,DieWelle,/恶魔教室(台)/白恤暴潮(港)
岩男润子JunkoIwao/松本梨香RicaMatsu...,1997/日本/动画奇幻惊悚,116285人评价,今敏SatoshiKon,,https://img3.doubanio.com/view/photo/s_ratio_poster/public/p1351050722.jpg,好的剧本是，就算你猜到了结局也猜不到全部。,,,8.8,未麻的部屋,PerfectBlue,/蓝色的恐惧/蓝色恐惧
三船敏郎ToshirôMifune/千秋实...,1950/日本/犯罪剧情悬疑,145312人评价,黑泽明AkiraKurosawa,,https://img1.doubanio.com/view/photo/s_ratio_poster/public/p1864872647.jpg,人生的N种可能性。,,[可播放],8.7,罗生门,羅生門,/Rashomon
凯特·温丝莱特KateWinslet...,2008/美国德国/剧情爱情,302370人评价,史蒂芬·戴德利StephenDaldry,,https://img1.doubanio.com/view/photo/s_ratio_poster/public/p1140984198.jpg,当爱情跨越年龄的界限，它似乎能变得更久远一点，成为一种责任，一种水到渠成的相濡以沫。 ,,,8.5,朗读者,TheReader,/为爱朗读(台)/读爱(港)
本·卫肖BenWhishaw/艾伦·瑞克...,2006/德国法国西班牙美国/剧情犯罪奇幻,311166人评价,汤姆·提克威TomTykwer,,https://img1.doubanio.com/view/photo/s_ratio_poster/public/p470006658.jpg,一个单凭体香达到高潮的男人。,,[可播放],8.4,香水,Perfume:TheStoryofaMurderer,/香水：一个杀人犯的故事/香水：一个谋杀犯的故事
杰米·福克斯JamieFoxx/...,2012/美国/剧情动作西部冒险,293902人评价,昆汀·塔伦蒂诺QuentinTarantino,,https://img1.doubanio.com/view/photo/s_ratio_poster/public/p1959232369.jpg,热血沸腾，那个低俗、性感的无耻混蛋又来了。,,[可播放],8.6,被解救的姜戈,DjangoUnchained,/被解放的姜戈/决杀令(台)
,,270231人评价,,,https://img3.doubanio.com/view/photo/s_ratio_poster/public/p2266293606.jpg,愿我们都不用长大，每一座城堡都能永远存在。,,[可播放],8.7,头脑特工队,InsideOut,/玩转脑朋友(港)/脑筋急转弯(台)
张国荣LeslieCheung/张曼玉MaggieC...,1990/香港/犯罪剧情爱情,239079人评价,王家卫KarWaiWong,,https://img3.doubanio.com/view/photo/s_ratio_poster/public/p2525770523.jpg,王家卫是一种风格，张国荣是一个代表。,,[可播放],8.5,阿飞正传,阿飛正傳,/DaysofBeingWild
多布杰Duobujie/张磊LeiZhang/亓亮QiL...,2004/中国大陆香港/剧情犯罪,146242人评价,陆川ChuanLu,,https://img3.doubanio.com/view/photo/s_ratio_poster/public/p2363208684.jpg,坚硬的信仰。,,[可播放],8.7,可可西里,None,/Kekexili:MountainPatrol
神木隆之介RyûnosukeKamiki/上...,2016/日本/剧情爱情动画,572450人评价,新海诚MakotoShinkai,,https://img1.doubanio.com/view/photo/s_ratio_poster/public/p2395733377.jpg,穿越错位的时空，仰望陨落的星辰，你没留下你的名字，我却无法忘记那句“我爱你”。,,[可播放],8.4,你的名字。,君の名は。,/你的名字/君之名
梅利莎·乔治Melissa...,2009/英国澳大利亚/剧情悬疑惊悚,375595人评价,克里斯托弗·史密斯ChristopherSmith,,https://img3.doubanio.com/view/photo/s_ratio_poster/public/p462470694.jpg,不要企图在重复中寻找已经失去的爱。,,,8.4,恐怖游轮,Triangle,/汪洋血迷宮(台)/轮回三角
布丽·拉尔森BrieLarson...,2015/爱尔兰加拿大英国美国/剧情家庭,184506人评价,伦尼·阿伯拉罕森LennyAbrahamson,,https://img3.doubanio.com/view/photo/s_ratio_poster/public/p2259715855.jpg,被偷走的岁月，被伤害的生命，被禁锢的灵魂，终将被希望和善意救赎。,,[可播放],8.8,房间,Room,/不存在的房间(台)/抖室(港)
佩曼·莫阿迪PeymanMoadi/...,2011/伊朗法国/剧情家庭,147851人评价,阿斯哈·法哈蒂AsgharFarhadi,,https://img3.doubanio.com/view/photo/s_ratio_poster/public/p2189835254.jpg,只有有信仰的人才能说出事实真相。,,[可播放],8.7,一次别离,جدایینادرازسیمین,/分居风暴(台)/伊朗式分居(港)
尼古拉斯·凯奇NicolasCage/...,2005/美国法国/剧情犯罪,193468人评价,安德鲁·尼科尔AndrewNiccol,,https://img3.doubanio.com/view/photo/s_ratio_poster/public/p453719066.jpg,做一颗让别人需要你的棋子。,,,8.6,战争之王,LordofWar,/军火之王(台/港)
杰里米·西奥伯德Jeremy...,1998/英国/犯罪悬疑惊悚,92170人评价,克里斯托弗·诺兰ChristopherNolan,,https://img1.doubanio.com/view/photo/s_ratio_poster/public/p1150103377.jpg,诺兰的牛逼来源于内心散发出的恐惧。,,,8.9,追随,Following,/跟踪(台)/致命追踪
桑德拉·布洛克SandraBullock/...,2004/美国德国/犯罪剧情,192710人评价,保罗·哈吉斯PaulHaggis,,https://img3.doubanio.com/view/photo/s_ratio_poster/public/p2075132390.jpg,天使与魔鬼的冲撞。,,[可播放],8.6,撞车,Crash,/冲击效应/冲撞
本尼迪克特·康伯巴奇BenedictC...,2014/英国美国/剧情传记战争同性,293535人评价,莫腾·泰杜姆MortenTyldum,,https://img3.doubanio.com/view/photo/s_ratio_poster/public/p2255040492.jpg,他给机器起名“克里斯托弗”，因为这是他初恋的名字。,,[可播放],8.6,模仿游戏,TheImitationGame,/解码游戏(港)/模拟游戏
罗夫·拉斯加德RolfLassgård...,2015/瑞典/剧情,148242人评价,汉内斯·赫尔姆HannesHolm,,https://img3.doubanio.com/view/photo/s_ratio_poster/public/p2406624993.jpg,惠及一生的美丽。,,[可播放],8.8,一个叫欧维的男人决定去死,EnmansomheterOve,/明天别再来敲门(台)/想死冇咁易(港)
达席尔·萨法瑞DarsheelSafary/阿...,2007/印度/剧情儿童家庭,97758人评价,阿米尔·汗AamirKhan,,https://img3.doubanio.com/view/photo/s_ratio_poster/public/p1973489335.jpg,天使保护事件始末。,,,8.9,地球上的星星,TaareZameenPar,/心中的小星星(台)/每一个孩子都是特别的
山本圭KeiYamamoto/井川比佐志Hisa...,1987/日本/剧情,72661人评价,SeijirôKôyama,,https://img3.doubanio.com/view/photo/s_ratio_poster/public/p2297934945.jpg,养狗三日，便会对你终其一生。,,[可播放],9.0,忠犬八公物语,ハチ公物語,/八千公物语/阿八的故事
高山南MinamiTakayama/佐久间玲Re...,1989/日本/动画奇幻冒险,223442人评价,宫崎骏HayaoMiyazaki,,https://img3.doubanio.com/view/photo/s_ratio_poster/public/p456676352.jpg,宫崎骏的电影总让人感觉世界是美好的，阳光明媚的。,,,8.5,魔女宅急便,魔女の宅急便,/魔女琪琪(台)/小魔女限时专送
马可·贾利尼MarcoGiallini...,2016/意大利/剧情喜剧,243769人评价,保罗·格诺维瑟PaoloGenovese,,https://img3.doubanio.com/view/photo/s_ratio_poster/public/p2522331945.jpg,来啊，互相伤害啊！,,[可播放],8.6,完美陌生人,Perfettisconosciuti,/完美谎情(港)/波动的信息分享
马特·达蒙MattDamon/弗兰卡·波坦...,2002/美国德国捷克/动作悬疑惊悚,218704人评价,道格·里曼DougLiman,,https://img3.doubanio.com/view/photo/s_ratio_poster/public/p1597183981.jpg,哗啦啦啦啦，天在下雨，哗啦啦啦啦，云在哭泣……找自己。,,[可播放],8.5,谍影重重,TheBourneIdentity,/叛谍追击(港)/神鬼认证(台)
马特·达蒙MattDamon/...,2004/美国德国/动作悬疑惊悚,181567人评价,保罗·格林格拉斯PaulGreengrass,,https://img3.doubanio.com/view/photo/s_ratio_poster/public/p667644866.jpg,谁说王家卫镜头很晃？,,[可播放],8.6,谍影重重2,TheBourneSupremacy,/叛谍追击2：机密圈套(港)/神鬼认证：神鬼疑云(台)
张震ChenChang/杨静怡LisaYang/张...,1991/台湾/剧情犯罪,122293人评价,杨德昌EdwardYang,,https://img3.doubanio.com/view/photo/s_ratio_poster/public/p848381236.jpg,弱者送给弱者的一刀。,,,8.8,牯岭街少年杀人事件,牯嶺街少年殺人事件,/ABrighterSummerDay
梁正晖Zhenghui...,1979/中国大陆/冒险动画奇幻,95286人评价,严定宪DingxianYan/王树忱ShuchenWang,,https://img3.doubanio.com/view/photo/s_ratio_poster/public/p2516566783.jpg,想你时你在闹海。,,[可播放],8.9,哪吒闹海,None,/PrinceNezha'sTriumphAgainstDragonKing/Nezhanaohai
艾伦·伯斯汀EllenBur...,2000/美国/剧情,125207人评价,达伦·阿伦诺夫斯基DarrenAronofsky,,https://img3.doubanio.com/view/photo/s_ratio_poster/public/p884936202.jpg,一场没有春天的噩梦。,,[可播放],8.7,梦之安魂曲,RequiemforaDream,/噩梦挽歌(台)/迷上瘾(港)
张曼玉MaggieCheung/王祖贤JoeyWang/...,1993/香港/剧情奇幻古装,254506人评价,徐克HarkTsui,,https://img3.doubanio.com/view/photo/s_ratio_poster/public/p584021784.jpg,人生如此，浮生如斯。谁人言，花彼岸，此生情长意短。谁都是不懂爱的罢了。,,[可播放],8.5,青蛇,None,/GreenSnake
JanetLeigh/AnthonyPerkins/VeraMiles,1960/美国/悬疑惊悚恐怖,97028人评价,AlfredHitchcock,,https://img3.doubanio.com/view/photo/s_ratio_poster/public/p1021883305.jpg,故事的反转与反转，分裂电影的始祖。,,[可播放],8.9,惊魂记,Psycho,/精神病患者/触目惊心
萨尔曼·汗SalmanKhan/哈莎莉·马...,2015/印度/剧情喜剧动作,199700人评价,卡比尔·汗KabirKhan,,https://img3.doubanio.com/view/photo/s_ratio_poster/public/p2510956726.jpg,宝莱坞的萝莉与大叔。,,[可播放],8.5,小萝莉的猴神大叔,BajrangiBhaijaan,/娃娃返乡任务(台)/宝莱坞之钢铁奶爸(台)
KeanuReeves/LaurenceF...,2003/美国澳大利亚/动作科幻,179706人评价,AndyWachowski/LarryWachowski,,https://img1.doubanio.com/view/photo/s_ratio_poster/public/p443461818.jpg,不得不说，《黑客帝国》系列是商业片与科幻、哲学完美结合的典范。,,[可播放],8.6,黑客帝国3：矩阵革命,TheMatrixRevolutions,/骇客任务完结篇：最后战役/廿二世纪杀人网络3：惊变世纪
凯拉·奈特莉KeiraKnightley/马克...,2013/美国/喜剧爱情音乐,199237人评价,约翰·卡尼JohnCarney,,https://img3.doubanio.com/view/photo/s_ratio_poster/public/p2250287733.jpg,爱我就给我看你的播放列表。,,[可播放],8.5,再次出发之纽约遇见你,BeginAgain,/再次出发/歌曲改变人生
笠智众ChishûRyû/原节...,1953/日本/剧情家庭,59358人评价,小津安二郎YasujirôOzu,,https://img3.doubanio.com/view/photo/s_ratio_poster/public/p1910832390.jpg,东京那么大，如果有一天走失了，恐怕一辈子不能再相见。,,[可播放],9.2,东京物语,東京物語,/东京故事/TokyoStory
张曼玉MaggieCheung/林青霞Brigitte...,1992/香港中国大陆/剧情动作武侠古装,211606人评价,李惠民RaymondLee,,https://img1.doubanio.com/view/photo/s_ratio_poster/public/p1421018669.jpg,嬉笑怒骂，调风动月。,,[可播放],8.5,新龙门客栈,新龍門客棧,/NewDragonGateInn
绫濑遥HarukaAyase/长泽雅美M...,2015/日本/剧情家庭,162444人评价,是枝裕和HirokazuKoreeda,,https://img1.doubanio.com/view/photo/s_ratio_poster/public/p2232247487.jpg,是枝裕和的家庭习作。,,[可播放],8.7,海街日记,海街diary,/海街女孩日记(港)/KamakuraDiary
阿部宽HiroshiAbe/夏川结衣Yu...,2008/日本/剧情家庭,102811人评价,是枝裕和HirokazuKoreeda,,https://img1.doubanio.com/view/photo/s_ratio_poster/public/p672446737.jpg,日本的家庭电影已经是世界巅峰了，步履不停是巅峰中的佳作。,,[可播放],8.8,步履不停,歩いても歩いても,/横山家之味(港)/步伐不停
杰克·吉伦哈尔JakeGyllenhaal/...,2011/美国加拿大/科幻悬疑惊悚,450983人评价,邓肯·琼斯DuncanJones,,https://img3.doubanio.com/view/photo/s_ratio_poster/public/p988260245.jpg,邓肯·琼斯继《月球》之后再度奉献出一部精彩绝伦的科幻佳作。,,,8.4,源代码,SourceCode,/启动原始码(台)/危机解密(港)
阿诺·施瓦辛格ArnoldSchwarz...,1991/美国法国/动作科幻,158975人评价,詹姆斯·卡梅隆JamesCameron,,https://img3.doubanio.com/view/photo/s_ratio_poster/public/p1910909085.jpg,少见的超越首部的续集，动作片中的经典。,,[可播放],8.6,终结者2：审判日,Terminator2:JudgmentDay,/终结者2/终结者2：末日审判
汤姆·汉克斯TomHanks/大卫·摩斯DavidM...,1999/美国/犯罪剧情奇幻悬疑,120911人评价,FrankDarabont,,https://img3.doubanio.com/view/photo/s_ratio_poster/public/p767586451.jpg,天使暂时离开。,,[可播放],8.7,绿里奇迹,TheGreenMile,/绿色奇迹(台)/绿色英里
吉娜·戴维斯GeenaDavis/苏...,1991/美国法国/犯罪剧情惊悚,117905人评价,雷德利·斯科特RidleyScott,,https://img3.doubanio.com/view/photo/s_ratio_poster/public/p794583044.jpg,没有了退路，只好飞向自由。,,,8.7,末路狂花,Thelma&Louise,/塞尔玛与路易丝/末路狂花
水桥研二KenjiMizuhashi/近藤好美...,2007/日本/动画剧情爱情,342919人评价,新海诚MakotoShinkai,,https://img3.doubanio.com/view/photo/s_ratio_poster/public/p982896012.jpg,青春就是放弃和怀念。,,[可播放],8.3,秒速5厘米,秒速5センチメートル,/秒速五厘米/秒速5公分
,,521781人评价,,,https://img3.doubanio.com/view/photo/s_ratio_poster/public/p1505312273.jpg,黑小鸭速效美白记。,,[可播放],8.3,初恋这件小事,สิ่งเล็กเล็กที่เรียกว่า...รัก,/初恋那件小事(港)/暗恋那点小事
约翰·C·赖利JohnC.Reilly/萨拉...,2012/美国/喜剧动画奇幻冒险,212013人评价,瑞奇·莫尔RichMoore,,https://img3.doubanio.com/view/photo/s_ratio_poster/public/p1735642656.jpg,迪士尼和皮克斯拿错剧本的产物。,,[可播放],8.7,无敌破坏王,Wreck-ItRalph,/破坏王拉尔夫/破坏王大冒险
查理·卓别林CharlesChaplin/弗吉尼亚·...,1931/美国/喜剧剧情爱情,51962人评价,CharlesChaplin,,https://img3.doubanio.com/view/photo/s_ratio_poster/public/p2170238803.jpg,永远的小人物，伟大的卓别林。,,[可播放],9.2,城市之光,CityLights,/CityLights:AComedyRomanceinPantomime/LichterderGroßstadt
伊桑·霍克EthanHawke...,2013/美国/剧情爱情,134366人评价,理查德·林克莱特RichardLinklater,,https://img1.doubanio.com/view/photo/s_ratio_poster/public/p2074715729.jpg,所谓爱情，就是话唠一路，都不会心生腻烦，彼此嫌弃。,,[可播放],8.8,爱在午夜降临前,BeforeMidnight,/爱在午夜希腊时(台)/情约半生(港)
布拉德·皮特BradPitt/梅拉尼·罗兰M...,2009/美国德国/剧情犯罪,248929人评价,QuentinTarantino,,https://img3.doubanio.com/view/photo/s_ratio_poster/public/p770734475.jpg,昆汀同学越来越变态了，比北野武还杜琪峰。,,[可播放],8.5,无耻混蛋,InglouriousBasterds,/恶棍特工(台)/希魔撞正杀人狂(港)
让-马克·巴尔Jean-MarcBarr/让·雷诺JeanRe...,1988/法国美国意大利/剧情爱情,114425人评价,LucBesson,,https://img3.doubanio.com/view/photo/s_ratio_poster/public/p455722535.jpg,在那片深蓝中，感受来自大海的忧伤寂寞与美丽自由。,,,8.7,碧海蓝天,Legrandbleu,/碧海情深/夜海倾情
大卫·李·史密斯David...,2007/美国/剧情科幻,205403人评价,理查德·沙因克曼RichardSchenkman,,https://img3.doubanio.com/view/photo/s_ratio_poster/public/p513303986.jpg,科幻真正的魅力不是视觉效果能取代的。 ,,[可播放],8.5,这个男人来自地球,TheManfromEarth,/地球不死人(港)/这个人来自洞穴
肖恩·康纳利SeanConnery/尼古拉...,1996/美国/动作冒险,157202人评价,迈克尔·贝MichaelBay,,https://img3.doubanio.com/view/photo/s_ratio_poster/public/p636048104.jpg,类型片的极致。 ,,[可播放],8.6,勇闯夺命岛,TheRock,/石破天惊/绝地任务
郭涛TaoGuo/刘桦HuaLiu/连晋TeddyLin,2006/中国大陆香港/喜剧犯罪,361403人评价,宁浩HaoNing,,https://img3.doubanio.com/view/photo/s_ratio_poster/public/p712241453.jpg,中国版《两杆大烟枪》。,,,8.3,疯狂的石头,None,/CrazyStone
HenryThomas/DeeWallace/RobertMacNa...,1982/美国/剧情科幻,174060人评价,StevenSpielberg,,https://img3.doubanio.com/view/photo/s_ratio_poster/public/p984732992.jpg,生病的E.T.皮肤的颜色就像柿子饼。,,[可播放],8.5,E.T. 外星人,E.T.:TheExtra-Terrestrial,/外星人E.T./外星人
约翰·特拉沃尔塔JohnTravolta/尼古拉斯...,1997/美国/动作科幻犯罪惊悚,236800人评价,吴宇森JohnWoo,,https://img3.doubanio.com/view/photo/s_ratio_poster/public/p2173855883.jpg,当发哥的风衣、墨镜出现在了凯奇身上⋯⋯,,[可播放],8.4,变脸,FaceOff,/夺面双雄
亨弗莱·鲍嘉HumphreyBogart/英格丽·褒曼...,1942/美国/剧情爱情战争,138635人评价,MichaelCurtiz,,https://img3.doubanio.com/view/photo/s_ratio_poster/public/p1244791866.jpg,世界上有那么多女人那么多酒馆，但她偏偏走进我的这家。,,[可播放],8.6,卡萨布兰卡,Casablanca,/北非谍影(港)/卡萨布兰卡
比尔·奈伊BillNighy/肯尼...,2009/英国德国法国/剧情喜剧音乐,178681人评价,理查德·柯蒂斯RichardCurtis,,https://img3.doubanio.com/view/photo/s_ratio_poster/public/p769608791.jpg,生命不止，摇滚不死。,,[可播放],8.6,海盗电台,TheBoatThatRocked,/出位乐人谷(港)/海盗电波
MalcolmMcDowell/PatrickMagee/Michael...,1971/英国美国/犯罪剧情科幻,204674人评价,StanleyKubrick,,https://img3.doubanio.com/view/photo/s_ratio_poster/public/p529908155.jpg,我完全康复了。,,,8.5,发条橙,AClockworkOrange,/发条桔子/发条橙子
ClintEastwood/EliWallach/LeeVanCleef,1966/意大利西班牙西德/冒险西部,58723人评价,SergioLeone,,https://img1.doubanio.com/view/photo/s_ratio_poster/public/p2101693489.jpg,最棒的西部片。,,[可播放],9.1,黄金三镖客,"Ilbuono,ilbrutto,ilcattivo.",/好·坏·丑/独行侠决斗地狱门(港)
艾米丽·芭尔多尼Em...,2013/美国英国/科幻悬疑惊悚,213683人评价,詹姆斯·沃德·布柯特JamesWardByrkit,,https://img3.doubanio.com/view/photo/s_ratio_poster/public/p2187896711.jpg,小成本大魅力。,,[可播放],8.4,彗星来的那一夜,Coherence,/相干性/相干效应
凯文·史派西KevinSpacey/安妮特...,1999/美国/剧情爱情家庭,205233人评价,萨姆·门德斯SamMendes,,https://img3.doubanio.com/view/photo/s_ratio_poster/public/p571671715.jpg,每个人的内心都是深不可测的大海。 ,,[可播放],8.5,美国丽人,AmericanBeauty,/美丽有罪(港)/美国心·玫瑰情(台)
马克·鲁弗洛MarkRuffalo/...,2015/美国/剧情传记,145535人评价,托马斯·麦卡锡ThomasMcCarthy,,https://img1.doubanio.com/view/photo/s_ratio_poster/public/p2263822658.jpg,新闻人的理性求真。,,[可播放],8.8,聚焦,Spotlight,/焦点追击(港)/惊爆焦点(台)
莱昂纳多·迪卡普里奥Leonardo...,2006/美国德国/剧情惊悚冒险,152832人评价,爱德华·兹威克EdwardZwick,,https://img3.doubanio.com/view/photo/s_ratio_poster/public/p1244017073.jpg,每个美丽事物背后都是滴血的现实。,,[可播放],8.5,血钻,BloodDiamond,/血腥钻石/滴血钻石
埃米尔·赫斯基EmileHirsch/马西娅·...,2007/美国/冒险传记剧情,140662人评价,西恩·潘SeanPenn,,https://img1.doubanio.com/view/photo/s_ratio_poster/public/p465687407.jpg,出门必备：本草纲目。,,[可播放],8.6,荒野生存,IntotheWild,/浪荡天涯(港)/阿拉斯加之死(台)
柯林·菲尔斯ColinFirth/杰弗里·...,2010/英国澳大利亚美国/剧情传记历史,377504人评价,汤姆·霍珀TomHooper,,https://img1.doubanio.com/view/photo/s_ratio_poster/public/p768879237.jpg,皇上无话儿。,,[可播放],8.3,国王的演讲,TheKing'sSpeech,/皇上无话儿(港)/王者之声：宣战时刻(台)
拉尔夫·费因斯RalphFien...,1996/美国英国/爱情剧情战争,189067人评价,安东尼·明格拉AnthonyMinghella,,https://img3.doubanio.com/view/photo/s_ratio_poster/public/p2408623752.jpg,"In memory, love lives forever...",,[可播放],8.5,英国病人,TheEnglishPatient,/英伦情人(台)/别问我是谁(港)
史蒂芬·鲍德温StephenBaldwin/...,1995/德国美国/剧情犯罪悬疑惊悚,132515人评价,布莱恩·辛格BryanSinger,,https://img3.doubanio.com/view/photo/s_ratio_poster/public/p2455372830.jpg,我不信仰上帝，但我敬畏上帝。,,[可播放],8.6,非常嫌疑犯,TheUsualSuspects,/刺激惊爆点(台)/普通嫌疑犯
...,2001/法国德国意大利西班牙瑞士/纪录片,55649人评价,雅克·贝汉JacquesPerrin/雅克·克鲁奥德JacquesCluzaud,,https://img1.doubanio.com/view/photo/s_ratio_poster/public/p2238274168.jpg,最美的飞翔。,,[可播放],9.1,迁徙的鸟,Lepeuplemigrateur,/鸟的迁徙/鸟与梦飞行
乔什·哈奈特JoshHartnett/...,2001/美国/动作历史战争,133622人评价,雷德利·斯科特RidleyScott,,https://img3.doubanio.com/view/photo/s_ratio_poster/public/p1910900710.jpg,还原真实而残酷的战争。,,[可播放],8.6,黑鹰坠落,BlackHawkDown,/黑鹰降落/黑鹰计划
"汤姆·哈迪TomHardy/乔尔·...""",2011/美国/剧情运动家庭,95419人评价,:加文·欧康诺GavinOConnor,,https://img3.doubanio.com/view/photo/s_ratio_poster/public/p1145536386.jpg,热血沸腾，相当完美的娱乐拳击大餐。,,,8.9,勇士,Warrior,/勇者无敌(台)/钢铁斗士(港)
杰克·尼科尔森JackNicholson/摩根...,2007/美国/冒险喜剧剧情,149072人评价,罗伯·莱纳RobReiner,,https://img3.doubanio.com/view/photo/s_ratio_poster/public/p708613284.jpg,用剩余不多的时间，去燃烧整个生命。,,[可播放],8.5,遗愿清单,TheBucketList,/玩转身前事(港)/一路玩到挂(台)
宋在河Jae-hoSong/李顺载Soon-jae...,2011/韩国/剧情爱情,66669人评价,秋昌民Chang-minChoo,,https://img1.doubanio.com/view/photo/s_ratio_poster/public/p1075591188.jpg,你要相信，这世上真的有爱存在，不管在什么年纪 ,,[可播放],9.0,我爱你,그대를사랑합니다,/爱你/爱，是一生相伴(台)
恰拉Chara/伊藤步AyumiIto/三上...,1996/日本/犯罪剧情,114616人评价,岩井俊二ShunjiIwai,,https://img3.doubanio.com/view/photo/s_ratio_poster/public/p532195562.jpg,现实与童话交相辉映的旅程。,,,8.6,燕尾蝶,スワロウテイル,/SwallowtailButterfly/Suwarôteiru
汤姆·汉克斯TomHanks/...,2000/美国/冒险剧情,153177人评价,罗伯特·泽米吉斯RobertZemeckis,,https://img3.doubanio.com/view/photo/s_ratio_poster/public/p2207673534.jpg,一个人的独角戏。,,[可播放],8.5,荒岛余生,CastAway,/浩劫重生(台)/劫后重生(港)
吴镇宇FrancisNg/任达华SimonYam/...,1999/香港/剧情动作犯罪,111692人评价,杜琪峰JohnnieTo,,https://img3.doubanio.com/view/photo/s_ratio_poster/public/p1538646661.jpg,一群演技精湛的戏骨，奉献出一个精致的黑帮小品，成就杜琪峰群戏的巅峰之作。,,,8.7,枪火,鎗火,/TheMission
娜奥米·沃茨NaomiWatts/劳拉·哈...,2001/法国美国/剧情悬疑惊悚,258118人评价,大卫·林奇DavidLynch,,https://img3.doubanio.com/view/photo/s_ratio_poster/public/p792248233.jpg,大卫·林奇的梦境迷宫。,,,8.3,穆赫兰道,MulhollandDr.,/穆荷兰大道(台)/失忆大道(港)
詹姆斯·沃克JamesWolk/特里特·...,2008/美国/剧情传记,119049人评价,彼得·维纳PeterWerner,,https://img1.doubanio.com/view/photo/s_ratio_poster/public/p628364149.jpg,乐观比一切都有力量。,,,8.6,叫我第一名,FrontoftheClass,/站在教室前/讲台前的我
凯尔·杜拉KeirDullea/...,1968/英国美国/科幻惊悚冒险,108775人评价,斯坦利·库布里克StanleyKubrick,,https://img3.doubanio.com/view/photo/s_ratio_poster/public/p792189453.jpg,现代科幻电影的开山之作，最伟大导演的最伟大影片。,,[可播放],8.7,2001太空漫游,2001:ASpaceOdyssey,/2001：星际漫游/2001：太空奥德赛
伊桑·霍克EthanHawke/乌玛...,1997/美国/剧情科幻惊悚,98727人评价,安德鲁·尼科尔AndrewNiccol,,https://img3.doubanio.com/view/photo/s_ratio_poster/public/p2195672555.jpg,一部能引人思考的科幻励志片。,,[可播放],8.7,千钧一发,Gattaca,/变种异煞/自然人
MariusWeyers/SandraPrinsloo/N!xau,1980/博茨瓦纳南非/喜剧,104908人评价,JamieUys,,https://img1.doubanio.com/view/photo/s_ratio_poster/public/p2173719647.jpg,纯净原始的笑与感动。,,,8.7,上帝也疯狂,TheGodsMustBeCrazy,/众神也疯狂(上)/上帝一定发疯了(上)
凯文·史派西KevinSpacey/凯特·温丝莱特Kat...,2003/美国德国英国/剧情犯罪悬疑,108083人评价,AlanParker,,https://img1.doubanio.com/view/photo/s_ratio_poster/public/p2186861098.jpg,捍卫人权只是信仰，一点不妨碍其行为的残忍。,,[可播放],8.6,大卫·戈尔的一生,TheLifeofDavidGale,/铁案悬谜/命悬一线
陈柏霖Bo-linChen/桂纶镁LunmeiKwa...,2002/台湾法国/剧情爱情同性,292673人评价,易智言Chih-yenYee,,https://img3.doubanio.com/view/photo/s_ratio_poster/public/p584822570.jpg,青春的窃窃私语。 ,,,8.3,蓝色大门,藍色大門,/蓝色夏恋/BlueGateCrossing
